{
  "time": {
    "precision": 1.0,
    "recall": 1.0,
    "f1-score": 1.0,
    "support": 58
  },
  "routines": {
    "precision": 0.9885057471264368,
    "recall": 0.9772727272727273,
    "f1-score": 0.9828571428571428,
    "support": 88
  },
  "micro avg": {
    "precision": 0.993103448275862,
    "recall": 0.9863013698630136,
    "f1-score": 0.9896907216494845,
    "support": 146
  },
  "macro avg": {
    "precision": 0.9942528735632183,
    "recall": 0.9886363636363636,
    "f1-score": 0.9914285714285713,
    "support": 146
  },
  "weighted avg": {
    "precision": 0.993071957172099,
    "recall": 0.9863013698630136,
    "f1-score": 0.9896673189823875,
    "support": 146
  }
}