{
  "remind_me": {
    "precision": 1.0,
    "recall": 0.8571428571428571,
    "f1-score": 0.923076923076923,
    "support": 7,
    "confused_with": {
      "deny": 1
    }
  },
  "how_often": {
    "precision": 0.75,
    "recall": 0.5,
    "f1-score": 0.6,
    "support": 6,
    "confused_with": {
      "greet": 1,
      "deny": 1
    }
  },
  "thanks": {
    "precision": 0.6666666666666666,
    "recall": 0.8,
    "f1-score": 0.7272727272727272,
    "support": 10,
    "confused_with": {
      "deny": 1,
      "affirm": 1
    }
  },
  "better": {
    "precision": 0.5294117647058824,
    "recall": 0.8181818181818182,
    "f1-score": 0.6428571428571428,
    "support": 11,
    "confused_with": {
      "worse": 1,
      "all_fine": 1
    }
  },
  "deny": {
    "precision": 0.7575757575757576,
    "recall": 0.8620689655172413,
    "f1-score": 0.8064516129032258,
    "support": 29,
    "confused_with": {
      "not_better": 2,
      "how_often": 1
    }
  },
  "all_fine": {
    "precision": 0.2,
    "recall": 0.14285714285714285,
    "f1-score": 0.16666666666666666,
    "support": 7,
    "confused_with": {
      "thanks": 2,
      "better": 2,
      "how_intense": 1
    }
  },
  "affirm": {
    "precision": 0.9117647058823529,
    "recall": 0.8378378378378378,
    "f1-score": 0.8732394366197184,
    "support": 37,
    "confused_with": {
      "digi_nurse_flow": 2,
      "worse": 1
    }
  },
  "change_time": {
    "precision": 1.0,
    "recall": 1.0,
    "f1-score": 1.0,
    "support": 60,
    "confused_with": {}
  },
  "not_better": {
    "precision": 0.2,
    "recall": 0.125,
    "f1-score": 0.15384615384615385,
    "support": 8,
    "confused_with": {
      "better": 3,
      "deny": 2,
      "all_fine": 2
    }
  },
  "digi_nurse_flow": {
    "precision": 0.5714285714285714,
    "recall": 0.8,
    "f1-score": 0.6666666666666666,
    "support": 5,
    "confused_with": {
      "better": 1
    }
  },
  "greet": {
    "precision": 0.8,
    "recall": 0.6666666666666666,
    "f1-score": 0.7272727272727272,
    "support": 6,
    "confused_with": {
      "how_intense": 1,
      "all_fine": 1
    }
  },
  "times": {
    "precision": 1.0,
    "recall": 1.0,
    "f1-score": 1.0,
    "support": 18,
    "confused_with": {}
  },
  "how_intense": {
    "precision": 0.8,
    "recall": 0.8,
    "f1-score": 0.8000000000000002,
    "support": 10,
    "confused_with": {
      "deny": 1,
      "better": 1
    }
  },
  "worse": {
    "precision": 0.3333333333333333,
    "recall": 0.2,
    "f1-score": 0.25,
    "support": 5,
    "confused_with": {
      "thanks": 1,
      "not_better": 1
    }
  },
  "accuracy": 0.817351598173516,
  "macro avg": {
    "precision": 0.6800129142566117,
    "recall": 0.6721253777288261,
    "f1-score": 0.6669535755129967,
    "support": 219
  },
  "weighted avg": {
    "precision": 0.8128721310026709,
    "recall": 0.817351598173516,
    "f1-score": 0.8102605289005619,
    "support": 219
  }
}